{"cameraMode":{"drawMode":0,"name":"Shaded","section":"Shading Mode"},"sceneLighting":false,"audioPlay":false,"sceneViewState":{"m_AlwaysRefresh":false,"showFog":true,"showSkybox":false,"showFlares":true,"showImageEffects":true,"showParticleSystems":true,"showVisualEffectGraphs":true,"m_FxEnabled":true},"in2DMode":false,"pivot":{"x":5.177188396453857,"y":0.6873204708099365,"z":0.7018457651138306},"rotation":{"x":-0.033116258680820468,"y":0.307344913482666,"z":-0.010702387429773808,"w":-0.950965940952301},"size":1.2328628301620484,"orthographic":false}